
-- =====================================================
-- SCRIPT DE RECUPERAÇÃO DE DADOS - MONITOR ESCOLAR PRO
-- Usuário: 11967819654@monitorescolar.app
-- =====================================================

DO $$
DECLARE
    target_user_id UUID;
BEGIN
    -- 1. Buscar o ID do usuário
    SELECT id INTO target_user_id FROM auth.users WHERE email = '11967819654@monitorescolar.app';
    
    IF target_user_id IS NULL THEN
        RAISE EXCEPTION 'Usuário 11967819654@monitorescolar.app não encontrado no Supabase Auth.';
    END IF;

    RAISE NOTICE 'Iniciando restauração para o usuário % (%)', '11967819654@monitorescolar.app', target_user_id;

    -- 2. Limpar dados antigos (para evitar conflitos de PK ou duplicidade)
    -- As FKs estão com ON DELETE CASCADE, então deletar das tabelas principais limpa o resto
    DELETE FROM public.routes WHERE user_id = target_user_id;
    DELETE FROM public.user_settings WHERE user_id = target_user_id;
    DELETE FROM public.reminders WHERE user_id = target_user_id;

    -- 3. Restaurar Rotas
    INSERT INTO public.routes (id, user_id, name, "order") VALUES ('0b2feb07-1837-428d-ad3d-ee8484365a98', target_user_id, 'Céu Itapegica', 0);
    INSERT INTO public.routes (id, user_id, name, "order") VALUES ('4a730df7-8546-4f47-9ea8-6f3918f58c59', target_user_id, 'Emilia', 0);
    INSERT INTO public.routes (id, user_id, name, "order") VALUES ('8e35ba79-99b1-4c41-bdb8-a4569035eb6b', target_user_id, 'Creche das Irmãs ', 0);
    INSERT INTO public.routes (id, user_id, name, "order") VALUES ('ad4ba082-fe60-4739-970c-f037bd60aeed', target_user_id, 'Creche da Gruta', 0);
    INSERT INTO public.routes (id, user_id, name, "order") VALUES ('bc6932e4-3014-496f-9bfd-70e4f264fcbf', target_user_id, 'Vila Maxi', 0);

    -- 4. Restaurar Pontos (Stops)
    INSERT INTO public.stops (id, user_id, route_id, name, "order", latitude, longitude) VALUES ('10091e60-af61-45c0-8df8-58d467be0421', target_user_id, '8e35ba79-99b1-4c41-bdb8-a4569035eb6b', 'Marya', 1, -23.4800268, -46.5546223);
    INSERT INTO public.stops (id, user_id, route_id, name, "order", latitude, longitude) VALUES ('1315feff-392d-4bec-b775-4b0c538b6371', target_user_id, 'bc6932e4-3014-496f-9bfd-70e4f264fcbf', 'Amora', 8, NULL, NULL);
    INSERT INTO public.stops (id, user_id, route_id, name, "order", latitude, longitude) VALUES ('167fab8f-4d32-4aa4-bf83-876b6c495e69', target_user_id, '4a730df7-8546-4f47-9ea8-6f3918f58c59', 'Alice dos Santos', 0, -23.4774408, -46.5566537);
    INSERT INTO public.stops (id, user_id, route_id, name, "order", latitude, longitude) VALUES ('1e9254a1-535e-4b57-90b0-c2037c503f77', target_user_id, 'ad4ba082-fe60-4739-970c-f037bd60aeed', 'Pietra', 5, NULL, NULL);
    INSERT INTO public.stops (id, user_id, route_id, name, "order", latitude, longitude) VALUES ('25e5620f-8763-491b-ade6-8456bfce8b06', target_user_id, 'bc6932e4-3014-496f-9bfd-70e4f264fcbf', 'Isabela Debora', 10, NULL, NULL);
    INSERT INTO public.stops (id, user_id, route_id, name, "order", latitude, longitude) VALUES ('2f03f990-97fd-4436-a1f6-91af350da036', target_user_id, '4a730df7-8546-4f47-9ea8-6f3918f58c59', 'Kevin', 14, NULL, NULL);
    INSERT INTO public.stops (id, user_id, route_id, name, "order", latitude, longitude) VALUES ('38fa4c59-97d9-4f71-b03f-60facbea0414', target_user_id, 'bc6932e4-3014-496f-9bfd-70e4f264fcbf', 'Gabriel Santos', 5, -23.484847, -46.554865);
    INSERT INTO public.stops (id, user_id, route_id, name, "order", latitude, longitude) VALUES ('39768ae0-0796-4aad-894c-8d1a11aa57b0', target_user_id, '4a730df7-8546-4f47-9ea8-6f3918f58c59', 'Rebeka Vitoria', 3, -23.4751121, -46.556773);
    INSERT INTO public.stops (id, user_id, route_id, name, "order", latitude, longitude) VALUES ('39eb926b-75f6-4fa8-98a3-e0b4f8a92061', target_user_id, '4a730df7-8546-4f47-9ea8-6f3918f58c59', 'Stefani Silva', 4, -23.4788752, -46.5580007);
    INSERT INTO public.stops (id, user_id, route_id, name, "order", latitude, longitude) VALUES ('3d4cfe16-cbab-4f77-875c-116442aef611', target_user_id, 'ad4ba082-fe60-4739-970c-f037bd60aeed', 'Lucca', 6, NULL, NULL);
    INSERT INTO public.stops (id, user_id, route_id, name, "order", latitude, longitude) VALUES ('3e43dc84-f438-49ee-aea1-ffd70ef7f223', target_user_id, '0b2feb07-1837-428d-ad3d-ee8484365a98', 'Yuri Kaleb', 6, NULL, NULL);
    INSERT INTO public.stops (id, user_id, route_id, name, "order", latitude, longitude) VALUES ('3ef7d592-9fa1-457b-99de-145e5aa9cec6', target_user_id, '4a730df7-8546-4f47-9ea8-6f3918f58c59', 'Levi ', 18, NULL, NULL);
    INSERT INTO public.stops (id, user_id, route_id, name, "order", latitude, longitude) VALUES ('411eb7ea-fdce-4762-b314-f3f7729c5be3', target_user_id, '4a730df7-8546-4f47-9ea8-6f3918f58c59', 'Maria Clara', 19, NULL, NULL);
    INSERT INTO public.stops (id, user_id, route_id, name, "order", latitude, longitude) VALUES ('44f31deb-9f8a-4394-8c64-6f1e733f5b14', target_user_id, '4a730df7-8546-4f47-9ea8-6f3918f58c59', 'Theo', 11, -23.4724404, -46.5549905);
    INSERT INTO public.stops (id, user_id, route_id, name, "order", latitude, longitude) VALUES ('474f94f6-859d-46e5-9454-a4e7f073f979', target_user_id, '4a730df7-8546-4f47-9ea8-6f3918f58c59', 'Maria Clara Santos', 5, -23.4777626, -46.5560331);
    INSERT INTO public.stops (id, user_id, route_id, name, "order", latitude, longitude) VALUES ('521b54fb-db73-4fc1-902f-ecc2c83e30bb', target_user_id, '0b2feb07-1837-428d-ad3d-ee8484365a98', 'Ruan Luca', 5, NULL, NULL);
    INSERT INTO public.stops (id, user_id, route_id, name, "order", latitude, longitude) VALUES ('534b83df-0fe4-4cdf-9bb5-98faf6885046', target_user_id, 'bc6932e4-3014-496f-9bfd-70e4f264fcbf', 'Julia e Gustavo', 4, -23.4894764, -46.5523584);
    INSERT INTO public.stops (id, user_id, route_id, name, "order", latitude, longitude) VALUES ('5594221b-fdb4-481f-96c9-ea7fc8746943', target_user_id, '4a730df7-8546-4f47-9ea8-6f3918f58c59', 'Bruna Silva ', 12, -23.4741763, -46.5554049);
    INSERT INTO public.stops (id, user_id, route_id, name, "order", latitude, longitude) VALUES ('57c94b41-7675-46a4-a3ba-e1e37995e589', target_user_id, '4a730df7-8546-4f47-9ea8-6f3918f58c59', 'Vitor Hugo', 10, -23.4741763, -46.5554049);
    INSERT INTO public.stops (id, user_id, route_id, name, "order", latitude, longitude) VALUES ('5b578492-610e-427a-aff2-98d8c3789256', target_user_id, '4a730df7-8546-4f47-9ea8-6f3918f58c59', 'Maju Alana', 15, NULL, NULL);
    INSERT INTO public.stops (id, user_id, route_id, name, "order", latitude, longitude) VALUES ('61e379bf-0964-413b-9acc-3c605c5d8481', target_user_id, '0b2feb07-1837-428d-ad3d-ee8484365a98', 'Sophia Torre', 9, NULL, NULL);
    INSERT INTO public.stops (id, user_id, route_id, name, "order", latitude, longitude) VALUES ('66452408-ab60-4178-b638-a7d52a4b28e0', target_user_id, 'bc6932e4-3014-496f-9bfd-70e4f264fcbf', 'Julia Pracha', 7, -23.4884901, -46.5538496);
    INSERT INTO public.stops (id, user_id, route_id, name, "order", latitude, longitude) VALUES ('6c1c101a-a380-44b9-95a5-473a10d30da8', target_user_id, 'bc6932e4-3014-496f-9bfd-70e4f264fcbf', 'Pedro e Rafael França ', 6, -23.4698649, -46.5554292);
    INSERT INTO public.stops (id, user_id, route_id, name, "order", latitude, longitude) VALUES ('6c72bf36-d256-4c83-9431-1f3f296b3e44', target_user_id, '8e35ba79-99b1-4c41-bdb8-a4569035eb6b', 'Davi Lucas ', 0, -23.4675357, -46.5526168);
    INSERT INTO public.stops (id, user_id, route_id, name, "order", latitude, longitude) VALUES ('715a0aa2-25a1-4712-922a-a4430bacae74', target_user_id, '0b2feb07-1837-428d-ad3d-ee8484365a98', 'João Lucas Duda ', 4, -23.4774408, -46.5566537);
    INSERT INTO public.stops (id, user_id, route_id, name, "order", latitude, longitude) VALUES ('743e00ec-a714-4833-93ac-8af296c1ffa0', target_user_id, '58e46f13-9d72-4a7c-9bf3-c7ad55211e30', 'Vila Maxi', 0, -23.4696299, -46.5507503);
    INSERT INTO public.stops (id, user_id, route_id, name, "order", latitude, longitude) VALUES ('74b0270a-5951-4b56-84b2-53425aa91aec', target_user_id, 'ad4ba082-fe60-4739-970c-f037bd60aeed', 'Isis Peliceri', 1, -23.4800268, -46.5546223);
    INSERT INTO public.stops (id, user_id, route_id, name, "order", latitude, longitude) VALUES ('7cbe37b0-7933-49ea-9346-5e23101095a0', target_user_id, '4a730df7-8546-4f47-9ea8-6f3918f58c59', 'Antony Gonçalves ', 2, -23.4884901, -46.5538496);
    INSERT INTO public.stops (id, user_id, route_id, name, "order", latitude, longitude) VALUES ('83df2e59-2d15-472b-99e2-15ede3387bc6', target_user_id, '0b2feb07-1837-428d-ad3d-ee8484365a98', 'Naomi Bananeiro', 8, NULL, NULL);
    INSERT INTO public.stops (id, user_id, route_id, name, "order", latitude, longitude) VALUES ('86893c19-7187-4883-a231-fadd3b6e03b0', target_user_id, 'bc6932e4-3014-496f-9bfd-70e4f264fcbf', 'Maria Clara Pierritano', 0, -23.4798112, -46.555177);
    INSERT INTO public.stops (id, user_id, route_id, name, "order", latitude, longitude) VALUES ('8de82633-213a-4d93-b85d-f149c6edd44d', target_user_id, 'bc6932e4-3014-496f-9bfd-70e4f264fcbf', 'Maria Clara Top', 12, NULL, NULL);
    INSERT INTO public.stops (id, user_id, route_id, name, "order", latitude, longitude) VALUES ('8f6adda0-e092-4708-a932-6b2c96677c22', target_user_id, 'ad4ba082-fe60-4739-970c-f037bd60aeed', 'Zoe', 4, NULL, NULL);
    INSERT INTO public.stops (id, user_id, route_id, name, "order", latitude, longitude) VALUES ('98169be0-894f-4f71-b7fc-eb2e87c98017', target_user_id, '0b2feb07-1837-428d-ad3d-ee8484365a98', 'João Lucas ', 3, -23.4698649, -46.5554292);
    INSERT INTO public.stops (id, user_id, route_id, name, "order", latitude, longitude) VALUES ('9a2c6fb6-24ae-4232-a751-f8c3e94cb792', target_user_id, 'bc6932e4-3014-496f-9bfd-70e4f264fcbf', 'Giovana Morais ', 1, -23.4708854, -46.5551032);
    INSERT INTO public.stops (id, user_id, route_id, name, "order", latitude, longitude) VALUES ('9e96610a-26b4-43e9-9bd2-c2c29fd173ac', target_user_id, '4a730df7-8546-4f47-9ea8-6f3918f58c59', 'Lara Liz', 7, -23.4788752, -46.5580007);
    INSERT INTO public.stops (id, user_id, route_id, name, "order", latitude, longitude) VALUES ('a7254a2b-2faf-46e8-a26d-d2c894c61d4d', target_user_id, '0b2feb07-1837-428d-ad3d-ee8484365a98', 'Alice Yago', 0, -23.4734778, -46.5523012);
    INSERT INTO public.stops (id, user_id, route_id, name, "order", latitude, longitude) VALUES ('a81cdadc-46b8-4719-90a3-d2793600aef6', target_user_id, '4a730df7-8546-4f47-9ea8-6f3918f58c59', 'Helena Nogueira', 9, -23.4751121, -46.556773);
    INSERT INTO public.stops (id, user_id, route_id, name, "order", latitude, longitude) VALUES ('aa709f39-74c5-4a9f-9585-37612a4ae2ad', target_user_id, 'ad4ba082-fe60-4739-970c-f037bd60aeed', 'Ravi', 2, NULL, NULL);
    INSERT INTO public.stops (id, user_id, route_id, name, "order", latitude, longitude) VALUES ('ac0fb705-921a-4617-9816-ccbc32fbc7c4', target_user_id, 'bc6932e4-3014-496f-9bfd-70e4f264fcbf', 'Mariani M Lima', 9, NULL, NULL);
    INSERT INTO public.stops (id, user_id, route_id, name, "order", latitude, longitude) VALUES ('acb2d73e-5b6b-414c-aeca-1ac1f412221a', target_user_id, 'bc6932e4-3014-496f-9bfd-70e4f264fcbf', 'Davi Leite', 3, -23.4696299, -46.5507503);
    INSERT INTO public.stops (id, user_id, route_id, name, "order", latitude, longitude) VALUES ('b247541a-0a25-460f-bf3b-4749690235a4', target_user_id, '8e35ba79-99b1-4c41-bdb8-a4569035eb6b', 'Maria Isis', 2, -23.4696299, -46.5507503);
    INSERT INTO public.stops (id, user_id, route_id, name, "order", latitude, longitude) VALUES ('baec6eca-eb5c-4b03-8784-0930764c4296', target_user_id, 'bc6932e4-3014-496f-9bfd-70e4f264fcbf', 'Bernardo', 11, NULL, NULL);
    INSERT INTO public.stops (id, user_id, route_id, name, "order", latitude, longitude) VALUES ('c5041226-82a4-4ad6-98ec-be62ba51c1e4', target_user_id, '4a730df7-8546-4f47-9ea8-6f3918f58c59', 'Pietro Lohan', 13, -23.469717, -46.5578392);
    INSERT INTO public.stops (id, user_id, route_id, name, "order", latitude, longitude) VALUES ('ca153a7e-548c-45e6-b935-86e8d9d03998', target_user_id, 'ad4ba082-fe60-4739-970c-f037bd60aeed', 'Joaquim', 3, NULL, NULL);
    INSERT INTO public.stops (id, user_id, route_id, name, "order", latitude, longitude) VALUES ('cd0e7daa-63b6-43a2-ac97-bda70c72ac80', target_user_id, '0b2feb07-1837-428d-ad3d-ee8484365a98', 'Davi', 1, -23.4676311, -46.5516066);
    INSERT INTO public.stops (id, user_id, route_id, name, "order", latitude, longitude) VALUES ('cf72009b-d934-4924-a726-6839cf3174d0', target_user_id, '4a730df7-8546-4f47-9ea8-6f3918f58c59', 'Heloísa Bernardo ', 17, NULL, NULL);
    INSERT INTO public.stops (id, user_id, route_id, name, "order", latitude, longitude) VALUES ('dff390fb-f92b-42a6-bc36-5c8bd5c6e148', target_user_id, 'bc6932e4-3014-496f-9bfd-70e4f264fcbf', 'Vitoria Pinho ', 2, -23.4912162, -46.5520962);
    INSERT INTO public.stops (id, user_id, route_id, name, "order", latitude, longitude) VALUES ('e0da0ee2-52e6-48a2-8010-480e24687876', target_user_id, '4a730df7-8546-4f47-9ea8-6f3918f58c59', 'Enzo Gabriel Rotatória ', 16, NULL, NULL);
    INSERT INTO public.stops (id, user_id, route_id, name, "order", latitude, longitude) VALUES ('e486d483-b865-4b70-9e5d-0875a973a783', target_user_id, '4a730df7-8546-4f47-9ea8-6f3918f58c59', 'Rafael Oliveira ', 8, -23.4894764, -46.5523584);
    INSERT INTO public.stops (id, user_id, route_id, name, "order", latitude, longitude) VALUES ('e8fe6028-c5d4-4503-862a-389cdf19cb8b', target_user_id, '0b2feb07-1837-428d-ad3d-ee8484365a98', 'Valentina ', 7, NULL, NULL);
    INSERT INTO public.stops (id, user_id, route_id, name, "order", latitude, longitude) VALUES ('ecf67ba2-a4ca-4f9d-8b72-d0163ec62f62', target_user_id, 'ad4ba082-fe60-4739-970c-f037bd60aeed', 'Bernardo dos Santos', 0, -23.4618827, -46.5097655);
    INSERT INTO public.stops (id, user_id, route_id, name, "order", latitude, longitude) VALUES ('fa34d17d-48f6-40b8-8508-3d381324e5b7', target_user_id, '0b2feb07-1837-428d-ad3d-ee8484365a98', 'Henrique Gabriel', 2, -23.469717, -46.5578392);
    INSERT INTO public.stops (id, user_id, route_id, name, "order", latitude, longitude) VALUES ('fe3c089c-90c1-49b3-a4a5-9ed09d1936cd', target_user_id, '4a730df7-8546-4f47-9ea8-6f3918f58c59', 'Isabela Oliveira ', 1, -23.469717, -46.5578392);
    INSERT INTO public.stops (id, user_id, route_id, name, "order", latitude, longitude) VALUES ('feb50020-2bc3-4180-8451-e3d892d78707', target_user_id, '4a730df7-8546-4f47-9ea8-6f3918f58c59', 'Alana Silva', 6, -23.4760107, -46.5581391);

    -- 5. Restaurar Alunos (Students)
    INSERT INTO public.students (id, user_id, stop_id, route_id, name, active, guardian_name, responsible_cpf, responsible_phone, monthly_fees, due_day, school, shift, "order") 
    VALUES ('0d6520a9-42e6-4187-bcab-1a4068810a7c', target_user_id, '38fa4c59-97d9-4f71-b03f-60facbea0414', (SELECT route_id FROM public.stops WHERE id = '38fa4c59-97d9-4f71-b03f-60facbea0414'), 'Gabriel Santos ', TRUE, 'ARIANI Sami Santos', '30839269770', '11960367090', 240, 20, 'Vila Maxi', 'tarde', 1768919247568);
    INSERT INTO public.students (id, user_id, stop_id, route_id, name, active, guardian_name, responsible_cpf, responsible_phone, monthly_fees, due_day, school, shift, "order") 
    VALUES ('0dbc7eca-6f8d-4c72-b3c5-7ed28be3c95c', target_user_id, '57c94b41-7675-46a4-a3ba-e1e37995e589', (SELECT route_id FROM public.stops WHERE id = '57c94b41-7675-46a4-a3ba-e1e37995e589'), 'Victor Hugo', TRUE, 'Simone', '34045467840', '1196969472', 210, 10, 'Emilia', 'manha', 1768922073005);
    INSERT INTO public.students (id, user_id, stop_id, route_id, name, active, guardian_name, responsible_cpf, responsible_phone, monthly_fees, due_day, school, shift, "order") 
    VALUES ('12515656-4478-4313-8102-9ffc15378e8c', target_user_id, 'e8fe6028-c5d4-4503-862a-389cdf19cb8b', (SELECT route_id FROM public.stops WHERE id = 'e8fe6028-c5d4-4503-862a-389cdf19cb8b'), 'Valentina', TRUE, '', '', '', 280, 10, 'Ceu', 'integral', 1769085691825);
    INSERT INTO public.students (id, user_id, stop_id, route_id, name, active, guardian_name, responsible_cpf, responsible_phone, monthly_fees, due_day, school, shift, "order") 
    VALUES ('1926a17c-b529-462c-868a-971eb48d794d', target_user_id, 'ca153a7e-548c-45e6-b935-86e8d9d03998', (SELECT route_id FROM public.stops WHERE id = 'ca153a7e-548c-45e6-b935-86e8d9d03998'), 'Joaquim ', TRUE, '', '', '', 250, 10, 'Gruta', 'integral', 1769085307964);
    INSERT INTO public.students (id, user_id, stop_id, route_id, name, active, guardian_name, responsible_cpf, responsible_phone, monthly_fees, due_day, school, shift, "order") 
    VALUES ('225326aa-cbbd-4d78-878e-9e77c7b20bf0', target_user_id, '86893c19-7187-4883-a231-fadd3b6e03b0', (SELECT route_id FROM public.stops WHERE id = '86893c19-7187-4883-a231-fadd3b6e03b0'), 'Maria Clara Top', TRUE, '', '', '', 270, 10, 'Vila Maxi', 'tarde', 1769084622336);
    INSERT INTO public.students (id, user_id, stop_id, route_id, name, active, guardian_name, responsible_cpf, responsible_phone, monthly_fees, due_day, school, shift, "order") 
    VALUES ('2396e680-00b2-4a07-b19b-751e062ddb3f', target_user_id, '715a0aa2-25a1-4712-922a-a4430bacae74', (SELECT route_id FROM public.stops WHERE id = '715a0aa2-25a1-4712-922a-a4430bacae74'), 'João Lucas Duda', TRUE, 'Bruna de Souza', '', '11963505849', 530, 30, 'Céu Itapejica ', 'integral', 1768921478982);
    INSERT INTO public.students (id, user_id, stop_id, route_id, name, active, guardian_name, responsible_cpf, responsible_phone, monthly_fees, due_day, school, shift, "order") 
    VALUES ('281d7f26-5cca-45e2-baa2-3037b893669f', target_user_id, '3d4cfe16-cbab-4f77-875c-116442aef611', (SELECT route_id FROM public.stops WHERE id = '3d4cfe16-cbab-4f77-875c-116442aef611'), 'Lucca', TRUE, '', '', '', 280, 20, 'Gruta', 'integral', 1769085462914);
    INSERT INTO public.students (id, user_id, stop_id, route_id, name, active, guardian_name, responsible_cpf, responsible_phone, monthly_fees, due_day, school, shift, "order") 
    VALUES ('2cb09a64-3b95-4836-9702-649e3feac9e1', target_user_id, 'acb2d73e-5b6b-414c-aeca-1ac1f412221a', (SELECT route_id FROM public.stops WHERE id = 'acb2d73e-5b6b-414c-aeca-1ac1f412221a'), 'Davi leite', TRUE, 'Edielma ', '28472709817', '959389404', 220, 20, 'Vila Maxi', 'manha', 1768917672594);
    INSERT INTO public.students (id, user_id, stop_id, route_id, name, active, guardian_name, responsible_cpf, responsible_phone, monthly_fees, due_day, school, shift, "order") 
    VALUES ('36cfa628-3866-4137-9e4e-46c35b8e397c', target_user_id, '7cbe37b0-7933-49ea-9346-5e23101095a0', (SELECT route_id FROM public.stops WHERE id = '7cbe37b0-7933-49ea-9346-5e23101095a0'), 'Antony Gonçalves ', TRUE, 'Juliana', '0000000000', '11948940550', 210, 10, 'Emilia', 'manha', 1768914063825);
    INSERT INTO public.students (id, user_id, stop_id, route_id, name, active, guardian_name, responsible_cpf, responsible_phone, monthly_fees, due_day, school, shift, "order") 
    VALUES ('42e955e1-ebc1-451c-bb16-746d6381168b', target_user_id, '534b83df-0fe4-4cdf-9bb5-98faf6885046', (SELECT route_id FROM public.stops WHERE id = '534b83df-0fe4-4cdf-9bb5-98faf6885046'), 'Julia Gustavo Alcântara ', TRUE, 'Daniela Alcântara ', '41717325871', '11988619943', 420, 10, 'Vila Maxi', 'tarde', 1768918115894);
    INSERT INTO public.students (id, user_id, stop_id, route_id, name, active, guardian_name, responsible_cpf, responsible_phone, monthly_fees, due_day, school, shift, "order") 
    VALUES ('4e3330b9-25fe-4538-bb58-4f7620d352b9', target_user_id, '5b578492-610e-427a-aff2-98d8c3789256', (SELECT route_id FROM public.stops WHERE id = '5b578492-610e-427a-aff2-98d8c3789256'), 'Maju Alana', TRUE, '', '', '', 180, 10, 'Emilia', 'tarde', 1769084836632);
    INSERT INTO public.students (id, user_id, stop_id, route_id, name, active, guardian_name, responsible_cpf, responsible_phone, monthly_fees, due_day, school, shift, "order") 
    VALUES ('4e9a42b7-c3ff-4d4d-9bed-b5f4e972ac49', target_user_id, 'dff390fb-f92b-42a6-bc36-5c8bd5c6e148', (SELECT route_id FROM public.stops WHERE id = 'dff390fb-f92b-42a6-bc36-5c8bd5c6e148'), 'Vitoria Pinho ', TRUE, 'Sandro', '', '11981989057', 250, 20, 'Vila Maxi', 'manha', 1768916593801);
    INSERT INTO public.students (id, user_id, stop_id, route_id, name, active, guardian_name, responsible_cpf, responsible_phone, monthly_fees, due_day, school, shift, "order") 
    VALUES ('4ebb5fb6-709f-42da-a002-cd9a061ec6e9', target_user_id, '25e5620f-8763-491b-ade6-8456bfce8b06', (SELECT route_id FROM public.stops WHERE id = '25e5620f-8763-491b-ade6-8456bfce8b06'), 'Isabela Debora', TRUE, 'Debora', '', '', 190, 10, 'Vila Maxi', 'tarde', 1769084495520);
    INSERT INTO public.students (id, user_id, stop_id, route_id, name, active, guardian_name, responsible_cpf, responsible_phone, monthly_fees, due_day, school, shift, "order") 
    VALUES ('51328d70-8d2d-4925-99c1-c7b29a1e22c3', target_user_id, '474f94f6-859d-46e5-9454-a4e7f073f979', (SELECT route_id FROM public.stops WHERE id = '474f94f6-859d-46e5-9454-a4e7f073f979'), 'Maria Clara Santos', TRUE, 'Priscila Santos', '', '11953655829', 200, 10, 'Emília ', 'tarde', 1768916811649);
    INSERT INTO public.students (id, user_id, stop_id, route_id, name, active, guardian_name, responsible_cpf, responsible_phone, monthly_fees, due_day, school, shift, "order") 
    VALUES ('5156de0d-e907-4f04-8ec8-2b4978ffdbe1', target_user_id, 'cf72009b-d934-4924-a726-6839cf3174d0', (SELECT route_id FROM public.stops WHERE id = 'cf72009b-d934-4924-a726-6839cf3174d0'), 'Heloísa Bernardo ', TRUE, '', '', '', 200, 10, 'Emilia', 'tarde', 1769085066604);
    INSERT INTO public.students (id, user_id, stop_id, route_id, name, active, guardian_name, responsible_cpf, responsible_phone, monthly_fees, due_day, school, shift, "order") 
    VALUES ('57ea447c-ebe5-4b8d-be73-935c8a1f5cc5', target_user_id, '167fab8f-4d32-4aa4-bf83-876b6c495e69', (SELECT route_id FROM public.stops WHERE id = '167fab8f-4d32-4aa4-bf83-876b6c495e69'), 'Alice dos Santos', TRUE, 'Rafaela dos Santos', '40300680813', '11983570957', 200, 10, 'Emília ', 'manha', 1768912802293);
    INSERT INTO public.students (id, user_id, stop_id, route_id, name, active, guardian_name, responsible_cpf, responsible_phone, monthly_fees, due_day, school, shift, "order") 
    VALUES ('5bec34ae-60d2-4a0e-b080-2aa609d18073', target_user_id, '39768ae0-0796-4aad-894c-8d1a11aa57b0', (SELECT route_id FROM public.stops WHERE id = '39768ae0-0796-4aad-894c-8d1a11aa57b0'), 'Rebeka  Vitoria', TRUE, 'Marcelo Cardoso', '00000000', '11952452828', 180, 10, 'Emília ', 'manha', 1768915765495);
    INSERT INTO public.students (id, user_id, stop_id, route_id, name, active, guardian_name, responsible_cpf, responsible_phone, monthly_fees, due_day, school, shift, "order") 
    VALUES ('5c4d68a8-28eb-481e-be75-a826779140b4', target_user_id, '5594221b-fdb4-481f-96c9-ea7fc8746943', (SELECT route_id FROM public.stops WHERE id = '5594221b-fdb4-481f-96c9-ea7fc8746943'), 'Bruna Silva', TRUE, 'Priscila Silva', '35478772802', '11966326581', 210, 10, 'Emília ', 'manha', 1768923075265);
    INSERT INTO public.students (id, user_id, stop_id, route_id, name, active, guardian_name, responsible_cpf, responsible_phone, monthly_fees, due_day, school, shift, "order") 
    VALUES ('5db0b3da-c4d5-43e1-8cf4-777843bebfa8', target_user_id, '521b54fb-db73-4fc1-902f-ecc2c83e30bb', (SELECT route_id FROM public.stops WHERE id = '521b54fb-db73-4fc1-902f-ecc2c83e30bb'), 'Ruan Luca ', TRUE, '', '', '', 210, 10, 'Ceu', 'integral', 1769085543295);
    INSERT INTO public.students (id, user_id, stop_id, route_id, name, active, guardian_name, responsible_cpf, responsible_phone, monthly_fees, due_day, school, shift, "order") 
    VALUES ('642c4d16-7a30-412e-909a-96c3ee97846a', target_user_id, 'baec6eca-eb5c-4b03-8784-0930764c4296', (SELECT route_id FROM public.stops WHERE id = 'baec6eca-eb5c-4b03-8784-0930764c4296'), 'Bernardo', TRUE, '', '', '', 270, 30, 'Vila Maxi', 'tarde', 1769084571577);
    INSERT INTO public.students (id, user_id, stop_id, route_id, name, active, guardian_name, responsible_cpf, responsible_phone, monthly_fees, due_day, school, shift, "order") 
    VALUES ('6600392f-63d9-4d19-b011-c5447dfaed12', target_user_id, '8f6adda0-e092-4708-a932-6b2c96677c22', (SELECT route_id FROM public.stops WHERE id = '8f6adda0-e092-4708-a932-6b2c96677c22'), 'Zoe', TRUE, '', '', '', 270, 20, 'Gruta', 'integral', 1769085354379);
    INSERT INTO public.students (id, user_id, stop_id, route_id, name, active, guardian_name, responsible_cpf, responsible_phone, monthly_fees, due_day, school, shift, "order") 
    VALUES ('6bca78c8-70a9-4971-8b28-956551d0ba71', target_user_id, '1e9254a1-535e-4b57-90b0-c2037c503f77', (SELECT route_id FROM public.stops WHERE id = '1e9254a1-535e-4b57-90b0-c2037c503f77'), 'Pietra', TRUE, '', '', '', 240, 10, 'Gruta', 'integral', 1769085424398);
    INSERT INTO public.students (id, user_id, stop_id, route_id, name, active, guardian_name, responsible_cpf, responsible_phone, monthly_fees, due_day, school, shift, "order") 
    VALUES ('6ce150b0-c061-4e4d-9680-5bc5c3f1acef', target_user_id, '6c72bf36-d256-4c83-9431-1f3f296b3e44', (SELECT route_id FROM public.stops WHERE id = '6c72bf36-d256-4c83-9431-1f3f296b3e44'), 'Davi Lucas ', TRUE, 'Débora ', '000000000', '11992871017', 210, 30, 'Creche das Irmas', 'integral', 1768916029993);
    INSERT INTO public.students (id, user_id, stop_id, route_id, name, active, guardian_name, responsible_cpf, responsible_phone, monthly_fees, due_day, school, shift, "order") 
    VALUES ('6f1dbdbd-a744-4575-b0dd-8f14e10ed4e3', target_user_id, '66452408-ab60-4178-b638-a7d52a4b28e0', (SELECT route_id FROM public.stops WHERE id = '66452408-ab60-4178-b638-a7d52a4b28e0'), 'Julia Pracha', TRUE, 'Taina', '44093435804', '11987724089', 250, 10, 'Vila Maxi', 'manha', 1768922718891);
    INSERT INTO public.students (id, user_id, stop_id, route_id, name, active, guardian_name, responsible_cpf, responsible_phone, monthly_fees, due_day, school, shift, "order") 
    VALUES ('70274b02-9b94-41b5-b673-7ea9a451f7ea', target_user_id, '9a2c6fb6-24ae-4232-a751-f8c3e94cb792', (SELECT route_id FROM public.stops WHERE id = '9a2c6fb6-24ae-4232-a751-f8c3e94cb792'), 'Giovana Morais ', TRUE, 'Romiele Ranere', '000000000', '11954378407', 190, 10, 'Vila Maxi', 'manha', 1768915345472);
    INSERT INTO public.students (id, user_id, stop_id, route_id, name, active, guardian_name, responsible_cpf, responsible_phone, monthly_fees, due_day, school, shift, "order") 
    VALUES ('7e8bec51-d783-4b32-b578-fc4d959a6f2d', target_user_id, 'ac0fb705-921a-4617-9816-ccbc32fbc7c4', (SELECT route_id FROM public.stops WHERE id = 'ac0fb705-921a-4617-9816-ccbc32fbc7c4'), 'Mariani ', TRUE, '', '', '', 250, 10, '', 'manha', 1769084433706);
    INSERT INTO public.students (id, user_id, stop_id, route_id, name, active, guardian_name, responsible_cpf, responsible_phone, monthly_fees, due_day, school, shift, "order") 
    VALUES ('85586975-ae7a-48b3-b20c-76af3c4d9551', target_user_id, '2f03f990-97fd-4436-a1f6-91af350da036', (SELECT route_id FROM public.stops WHERE id = '2f03f990-97fd-4436-a1f6-91af350da036'), 'Kevin', TRUE, '', '', '', 230, 10, 'Emilia', 'tarde', 1769084753341);
    INSERT INTO public.students (id, user_id, stop_id, route_id, name, active, guardian_name, responsible_cpf, responsible_phone, monthly_fees, due_day, school, shift, "order") 
    VALUES ('86447b81-b809-48a2-b6d9-34f64151b163', target_user_id, 'e0da0ee2-52e6-48a2-8010-480e24687876', (SELECT route_id FROM public.stops WHERE id = 'e0da0ee2-52e6-48a2-8010-480e24687876'), 'Enzo Gabriel Rotatória ', TRUE, '', '', '', 210, 30, 'Emilia', 'tarde', 1769084909315);
    INSERT INTO public.students (id, user_id, stop_id, route_id, name, active, guardian_name, responsible_cpf, responsible_phone, monthly_fees, due_day, school, shift, "order") 
    VALUES ('8a70c766-9661-4fde-9f1c-e41c3d4264c1', target_user_id, 'fe3c089c-90c1-49b3-a4a5-9ed09d1936cd', (SELECT route_id FROM public.stops WHERE id = 'fe3c089c-90c1-49b3-a4a5-9ed09d1936cd'), 'Isabela Oliveira ', TRUE, 'Alessandra', '000000000', '11986689884', 170, 10, 'Emília ', 'tarde', 1768913758660);
    INSERT INTO public.students (id, user_id, stop_id, route_id, name, active, guardian_name, responsible_cpf, responsible_phone, monthly_fees, due_day, school, shift, "order") 
    VALUES ('8dee92a5-2e42-492e-97f9-1bcf099d31d9', target_user_id, '74b0270a-5951-4b56-84b2-53425aa91aec', (SELECT route_id FROM public.stops WHERE id = '74b0270a-5951-4b56-84b2-53425aa91aec'), 'Isis Peliceri', TRUE, 'Vinícius Santos ', '', '11972224993', 250, 10, 'Creche da Gruta', 'integral', 1768921725712);
    INSERT INTO public.students (id, user_id, stop_id, route_id, name, active, guardian_name, responsible_cpf, responsible_phone, monthly_fees, due_day, school, shift, "order") 
    VALUES ('907549f6-6bcb-4285-9ae3-045971993d60', target_user_id, '10091e60-af61-45c0-8df8-58d467be0421', (SELECT route_id FROM public.stops WHERE id = '10091e60-af61-45c0-8df8-58d467be0421'), 'Marya Xavier', TRUE, 'Daiane Cristina Xaiver', '08638424612', '3599746981', 230, 20, 'Creche das Irmãs ', 'integral', 1768920686776);
    INSERT INTO public.students (id, user_id, stop_id, route_id, name, active, guardian_name, responsible_cpf, responsible_phone, monthly_fees, due_day, school, shift, "order") 
    VALUES ('95d4ba06-0b61-48ec-baa0-c8dab0375a46', target_user_id, 'fa34d17d-48f6-40b8-8508-3d381324e5b7', (SELECT route_id FROM public.stops WHERE id = 'fa34d17d-48f6-40b8-8508-3d381324e5b7'), 'Henrique Gabriel', TRUE, 'Tamires', '', '11969277441', 230, 20, 'Céu  Itapejica', 'integral', 1768914287887);
    INSERT INTO public.students (id, user_id, stop_id, route_id, name, active, guardian_name, responsible_cpf, responsible_phone, monthly_fees, due_day, school, shift, "order") 
    VALUES ('985279dc-1c11-4d6a-9f5f-d756b986025f', target_user_id, '411eb7ea-fdce-4762-b314-f3f7729c5be3', (SELECT route_id FROM public.stops WHERE id = '411eb7ea-fdce-4762-b314-f3f7729c5be3'), 'Maria Clara ', TRUE, '', '', '', 190, 10, 'Emília ', 'tarde', 1769085179374);
    INSERT INTO public.students (id, user_id, stop_id, route_id, name, active, guardian_name, responsible_cpf, responsible_phone, monthly_fees, due_day, school, shift, "order") 
    VALUES ('9d697ac1-0688-4ff3-b76c-09b6b79d3826', target_user_id, '9e96610a-26b4-43e9-9bd2-c2c29fd173ac', (SELECT route_id FROM public.stops WHERE id = '9e96610a-26b4-43e9-9bd2-c2c29fd173ac'), 'Lara Liz ', TRUE, 'Ana Carolina Ataujo', '', '932099820', 220, 20, 'Emilia', 'tarde', 1768917313256);
    INSERT INTO public.students (id, user_id, stop_id, route_id, name, active, guardian_name, responsible_cpf, responsible_phone, monthly_fees, due_day, school, shift, "order") 
    VALUES ('a2abf289-e79c-4364-83ac-fa10303d8583', target_user_id, 'ecf67ba2-a4ca-4f9d-8b72-d0163ec62f62', (SELECT route_id FROM public.stops WHERE id = 'ecf67ba2-a4ca-4f9d-8b72-d0163ec62f62'), 'Bernardo dos Santos ', TRUE, 'Jessica', '', '11946096008', 450, 10, 'Creche da Gruta ', 'integral', 1768918803363);
    INSERT INTO public.students (id, user_id, stop_id, route_id, name, active, guardian_name, responsible_cpf, responsible_phone, monthly_fees, due_day, school, shift, "order") 
    VALUES ('a9bdebe7-a2b0-4d33-97f8-228f442adf38', target_user_id, '39eb926b-75f6-4fa8-98a3-e0b4f8a92061', (SELECT route_id FROM public.stops WHERE id = '39eb926b-75f6-4fa8-98a3-e0b4f8a92061'), 'Stefani  Silva ', TRUE, 'Jenifer ', '', '11951517854', 200, 10, 'Emília ', 'manha', 1768916342953);
    INSERT INTO public.students (id, user_id, stop_id, route_id, name, active, guardian_name, responsible_cpf, responsible_phone, monthly_fees, due_day, school, shift, "order") 
    VALUES ('ac505f1d-90af-4d6a-9700-c63f1cec8ad8', target_user_id, '61e379bf-0964-413b-9acc-3c605c5d8481', (SELECT route_id FROM public.stops WHERE id = '61e379bf-0964-413b-9acc-3c605c5d8481'), 'Sophia Torre', TRUE, '', '', '', 200, 20, 'Ceu', 'integral', 1769085781884);
    INSERT INTO public.students (id, user_id, stop_id, route_id, name, active, guardian_name, responsible_cpf, responsible_phone, monthly_fees, due_day, school, shift, "order") 
    VALUES ('b2a27b67-d5a6-482a-bb0f-1c57cd188a94', target_user_id, '83df2e59-2d15-472b-99e2-15ede3387bc6', (SELECT route_id FROM public.stops WHERE id = '83df2e59-2d15-472b-99e2-15ede3387bc6'), 'Naomi Bananeiro ', TRUE, '', '', '', 240, 30, 'Ceu', 'integral', 1769085745375);
    INSERT INTO public.students (id, user_id, stop_id, route_id, name, active, guardian_name, responsible_cpf, responsible_phone, monthly_fees, due_day, school, shift, "order") 
    VALUES ('b348a71b-09a6-4223-be16-eee84b788086', target_user_id, 'c5041226-82a4-4ad6-98ec-be62ba51c1e4', (SELECT route_id FROM public.stops WHERE id = 'c5041226-82a4-4ad6-98ec-be62ba51c1e4'), 'Pietro Logan', TRUE, 'Maria Snatana', '07974121553', '11994269974', 210, 10, 'Emília ', 'manha', 1768923305121);
    INSERT INTO public.students (id, user_id, stop_id, route_id, name, active, guardian_name, responsible_cpf, responsible_phone, monthly_fees, due_day, school, shift, "order") 
    VALUES ('b8ee9aa2-83c2-442b-b6e0-fa0b79422bbb', target_user_id, 'e486d483-b865-4b70-9e5d-0875a973a783', (SELECT route_id FROM public.stops WHERE id = 'e486d483-b865-4b70-9e5d-0875a973a783'), 'Rafael Oliveira ', TRUE, 'Ana Paula ', '37910198809', '11997826577', 220, 20, 'Emilia', 'tarde', 1768919090900);
    INSERT INTO public.students (id, user_id, stop_id, route_id, name, active, guardian_name, responsible_cpf, responsible_phone, monthly_fees, due_day, school, shift, "order") 
    VALUES ('ba83996c-5a29-40ec-807b-94380ccbf753', target_user_id, '6c1c101a-a380-44b9-95a5-473a10d30da8', (SELECT route_id FROM public.stops WHERE id = '6c1c101a-a380-44b9-95a5-473a10d30da8'), 'Pedro Rafael França ', TRUE, 'Welington Martins ', '', '11991618225', 360, 10, 'Vila Maxi', 'manha', 1768921200752);
    INSERT INTO public.students (id, user_id, stop_id, route_id, name, active, guardian_name, responsible_cpf, responsible_phone, monthly_fees, due_day, school, shift, "order") 
    VALUES ('bba53a16-95e4-42c8-bad8-8895130deaa5', target_user_id, 'b247541a-0a25-460f-bf3b-4749690235a4', (SELECT route_id FROM public.stops WHERE id = 'b247541a-0a25-460f-bf3b-4749690235a4'), 'Maria Isis de Andrade ', TRUE, 'Karoline Oliveira', '46923641810', '', 200, 10, 'Creche das Irmãs ', 'integral', 1768922529577);
    INSERT INTO public.students (id, user_id, stop_id, route_id, name, active, guardian_name, responsible_cpf, responsible_phone, monthly_fees, due_day, school, shift, "order") 
    VALUES ('bc1c2eee-9c45-45d9-902f-c7fd8a45973e', target_user_id, 'aa709f39-74c5-4a9f-9585-37612a4ae2ad', (SELECT route_id FROM public.stops WHERE id = 'aa709f39-74c5-4a9f-9585-37612a4ae2ad'), 'Ravi Emanuel', TRUE, '', '', '', 250, 20, 'Gruta', 'integral', 1769085263031);
    INSERT INTO public.students (id, user_id, stop_id, route_id, name, active, guardian_name, responsible_cpf, responsible_phone, monthly_fees, due_day, school, shift, "order") 
    VALUES ('bde61c7c-22de-47b9-be69-f9ba893fb0e2', target_user_id, 'feb50020-2bc3-4180-8451-e3d892d78707', (SELECT route_id FROM public.stops WHERE id = 'feb50020-2bc3-4180-8451-e3d892d78707'), 'Alana Silva ', TRUE, 'Hayana', '', '11955200617', 230, 20, 'Emilia', 'tarde', 1768917079993);
    INSERT INTO public.students (id, user_id, stop_id, route_id, name, active, guardian_name, responsible_cpf, responsible_phone, monthly_fees, due_day, school, shift, "order") 
    VALUES ('be7d8de7-4a98-4472-8a2e-15ef7a105a1f', target_user_id, 'a7254a2b-2faf-46e8-a26d-d2c894c61d4d', (SELECT route_id FROM public.stops WHERE id = 'a7254a2b-2faf-46e8-a26d-d2c894c61d4d'), 'Alice Yago', TRUE, 'Angelica', '16693297803', '11994107900', 380, 20, 'Céu Itapejica', 'integral', 1768909760407);
    INSERT INTO public.students (id, user_id, stop_id, route_id, name, active, guardian_name, responsible_cpf, responsible_phone, monthly_fees, due_day, school, shift, "order") 
    VALUES ('c19f3579-a1de-459a-9e04-ec113a2f8ea9', target_user_id, '98169be0-894f-4f71-b7fc-eb2e87c98017', (SELECT route_id FROM public.stops WHERE id = '98169be0-894f-4f71-b7fc-eb2e87c98017'), 'João Lucas ', TRUE, 'Luciana ', '0000000000', '11952414420', 230, 10, 'Céu Itapejica ', 'integral', 1768915524094);
    INSERT INTO public.students (id, user_id, stop_id, route_id, name, active, guardian_name, responsible_cpf, responsible_phone, monthly_fees, due_day, school, shift, "order") 
    VALUES ('d86350dd-2b6d-4ceb-9920-e7e68e8be34a', target_user_id, '1315feff-392d-4bec-b775-4b0c538b6371', (SELECT route_id FROM public.stops WHERE id = '1315feff-392d-4bec-b775-4b0c538b6371'), 'Amora ', TRUE, '', '', '', 250, 10, 'Vila Maxi', 'tarde', 1769084373801);
    INSERT INTO public.students (id, user_id, stop_id, route_id, name, active, guardian_name, responsible_cpf, responsible_phone, monthly_fees, due_day, school, shift, "order") 
    VALUES ('de8bd752-4f10-4c67-91a1-4063c55531c8', target_user_id, '3e43dc84-f438-49ee-aea1-ffd70ef7f223', (SELECT route_id FROM public.stops WHERE id = '3e43dc84-f438-49ee-aea1-ffd70ef7f223'), 'Yuri Kaleb', TRUE, '', '', '', 360, 10, 'Ceu', 'integral', 1769085651063);
    INSERT INTO public.students (id, user_id, stop_id, route_id, name, active, guardian_name, responsible_cpf, responsible_phone, monthly_fees, due_day, school, shift, "order") 
    VALUES ('e1dc4a17-5353-4d0c-b7b5-5b031a0b3d09', target_user_id, '44f31deb-9f8a-4394-8c64-6f1e733f5b14', (SELECT route_id FROM public.stops WHERE id = '44f31deb-9f8a-4394-8c64-6f1e733f5b14'), 'Theo Almeida', TRUE, 'Gleice Almeida ', '', '11954767236', 250, 10, 'Emilia', 'tarde', 1768922279724);
    INSERT INTO public.students (id, user_id, stop_id, route_id, name, active, guardian_name, responsible_cpf, responsible_phone, monthly_fees, due_day, school, shift, "order") 
    VALUES ('f0aafd7d-5218-4188-b2b2-216abac6bd75', target_user_id, '167fab8f-4d32-4aa4-bf83-876b6c495e69', (SELECT route_id FROM public.stops WHERE id = '167fab8f-4d32-4aa4-bf83-876b6c495e69'), 'Levi', TRUE, '', '', '', 200, 10, 'Emilia', 'tarde', 1769085115579);
    INSERT INTO public.students (id, user_id, stop_id, route_id, name, active, guardian_name, responsible_cpf, responsible_phone, monthly_fees, due_day, school, shift, "order") 
    VALUES ('fb2c60a3-d86b-47d7-94c3-a1d3e3952f71', target_user_id, '86893c19-7187-4883-a231-fadd3b6e03b0', (SELECT route_id FROM public.stops WHERE id = '86893c19-7187-4883-a231-fadd3b6e03b0'), 'Maria Clara Pierritano', TRUE, 'Aline de Lira ', '000000000', '11980684342210', 210, 10, 'Vila Maxi', 'tarde', 1768914893909);

    -- 6. Restaurar Chamada (Attendance)
    INSERT INTO public.attendance (id, user_id, student_id, date, status, timestamp) VALUES ('2026-01-20_8a70c766-9661-4fde-9f1c-e41c3d4264c1', target_user_id, '8a70c766-9661-4fde-9f1c-e41c3d4264c1', '2026-01-20', 'PRESENT', 1768914495380);
    INSERT INTO public.attendance (id, user_id, student_id, date, status, timestamp) VALUES ('2026-01-20_95d4ba06-0b61-48ec-baa0-c8dab0375a46', target_user_id, '95d4ba06-0b61-48ec-baa0-c8dab0375a46', '2026-01-20', 'ABSENT', 1768945059550);
    INSERT INTO public.attendance (id, user_id, student_id, date, status, timestamp) VALUES ('2026-01-20_be7d8de7-4a98-4472-8a2e-15ef7a105a1f', target_user_id, 'be7d8de7-4a98-4472-8a2e-15ef7a105a1f', '2026-01-20', 'ABSENT', 1768945060108);
    INSERT INTO public.attendance (id, user_id, student_id, date, status, timestamp) VALUES ('2026-01-20_c19f3579-a1de-459a-9e04-ec113a2f8ea9', target_user_id, 'c19f3579-a1de-459a-9e04-ec113a2f8ea9', '2026-01-20', 'ABSENT', 1768945058918);

    -- 7. Restaurar Pagamentos (Payments)
    INSERT INTO public.payments (id, user_id, student_id, month, year, amount, paid_at, timestamp) VALUES ('0cfe2cbb-d225-461b-b5cd-7c41ea109c8e', target_user_id, 'd86350dd-2b6d-4ceb-9920-e7e68e8be34a', 1, 2026, 250, '2026-01-22T15:41:43.948Z', 1769096503948);
    INSERT INTO public.payments (id, user_id, student_id, month, year, amount, paid_at, timestamp) VALUES ('2739314b-69bc-4ea1-8582-8d73277c6db9', target_user_id, '36cfa628-3866-4137-9e4e-46c35b8e397c', 1, 2026, 210, '2026-01-22T15:41:53.385Z', 1769096513385);
    INSERT INTO public.payments (id, user_id, student_id, month, year, amount, paid_at, timestamp) VALUES ('2e6af434-b8e7-41ba-8931-a080b8dbc040', target_user_id, 'be7d8de7-4a98-4472-8a2e-15ef7a105a1f', 2, 2026, 360, '2026-01-20T11:57:11.122Z', 1768910231123);
    INSERT INTO public.payments (id, user_id, student_id, month, year, amount, paid_at, timestamp) VALUES ('4cb74e41-5773-4b6d-aaa4-edfe032bb59c', target_user_id, '8dee92a5-2e42-492e-97f9-1bcf099d31d9', 1, 2026, 250, '2026-01-22T15:42:20.191Z', 1769096540191);
    INSERT INTO public.payments (id, user_id, student_id, month, year, amount, paid_at, timestamp) VALUES ('56eaa297-eb6d-4db0-9e56-0304600b457c', target_user_id, '70274b02-9b94-41b5-b673-7ea9a451f7ea', 1, 2026, 190, '2026-01-22T15:42:05.644Z', 1769096525644);
    INSERT INTO public.payments (id, user_id, student_id, month, year, amount, paid_at, timestamp) VALUES ('57ea0058-93bd-4442-a512-4b8141b2f303', target_user_id, '4e3330b9-25fe-4538-bb58-4f7620d352b9', 1, 2026, 180, '2026-01-22T15:42:45.060Z', 1769096565060);
    INSERT INTO public.payments (id, user_id, student_id, month, year, amount, paid_at, timestamp) VALUES ('606e9414-93e9-4b68-9a4f-9759468772d3', target_user_id, '1926a17c-b529-462c-868a-971eb48d794d', 1, 2026, 250, '2026-01-22T15:42:27.309Z', 1769096547309);
    INSERT INTO public.payments (id, user_id, student_id, month, year, amount, paid_at, timestamp) VALUES ('68bc2183-d033-489c-a11b-2b884a426cca', target_user_id, '57ea447c-ebe5-4b8d-be73-935c8a1f5cc5', 1, 2026, 200, '2026-01-22T15:41:23.810Z', 1769096483811);
    INSERT INTO public.payments (id, user_id, student_id, month, year, amount, paid_at, timestamp) VALUES ('69f90b0d-2852-49ef-95cf-0c18d691af10', target_user_id, '6ba30e0e-6eba-4b78-a3a4-a9cd1100c9fc', 1, 2026, 170, '2026-01-20T13:06:16.062Z', 1768914376062);
    INSERT INTO public.payments (id, user_id, student_id, month, year, amount, paid_at, timestamp) VALUES ('6c1948a2-93ce-468c-8969-aaa53a5f1bfb', target_user_id, '42e955e1-ebc1-451c-bb16-746d6381168b', 1, 2026, 420, '2026-01-22T15:42:30.552Z', 1769096550552);
    INSERT INTO public.payments (id, user_id, student_id, month, year, amount, paid_at, timestamp) VALUES ('87b302a5-cd49-472f-9d67-e1fc19221290', target_user_id, '5156de0d-e907-4f04-8ec8-2b4978ffdbe1', 1, 2026, 200, '2026-01-22T15:42:09.815Z', 1769096529815);
    INSERT INTO public.payments (id, user_id, student_id, month, year, amount, paid_at, timestamp) VALUES ('8f00b56b-abf8-4e28-af91-6ec17d8cd793', target_user_id, '985279dc-1c11-4d6a-9f5f-d756b986025f', 1, 2026, 190, '2026-01-22T15:42:52.370Z', 1769096572370);
    INSERT INTO public.payments (id, user_id, student_id, month, year, amount, paid_at, timestamp) VALUES ('99e156d2-eef5-439d-bf0b-3b8d42c99f9c', target_user_id, '8a70c766-9661-4fde-9f1c-e41c3d4264c1', 1, 2026, 170, '2026-01-22T15:42:14.946Z', 1769096534946);
    INSERT INTO public.payments (id, user_id, student_id, month, year, amount, paid_at, timestamp) VALUES ('c4833d46-8cd3-4681-abb1-362b6d55c11f', target_user_id, 'a2abf289-e79c-4364-83ac-fa10303d8583', 1, 2026, 450, '2026-01-22T15:41:59.354Z', 1769096519354);
    INSERT INTO public.payments (id, user_id, student_id, month, year, amount, paid_at, timestamp) VALUES ('d74122e8-d5ac-47e8-9c72-3f7df470c391', target_user_id, 'fb2c60a3-d86b-47d7-94c3-a1d3e3952f71', 1, 2026, 210, '2026-01-22T15:42:55.626Z', 1769096575626);
    INSERT INTO public.payments (id, user_id, student_id, month, year, amount, paid_at, timestamp) VALUES ('d8d04519-8e14-4117-849c-fc5dfd4a0dc6', target_user_id, '6f1dbdbd-a744-4575-b0dd-8f14e10ed4e3', 1, 2026, 250, '2026-01-22T15:42:33.661Z', 1769096553661);
    INSERT INTO public.payments (id, user_id, student_id, month, year, amount, paid_at, timestamp) VALUES ('e1206b38-a6c2-4c40-b977-97c6a03877e0', target_user_id, 'c19f3579-a1de-459a-9e04-ec113a2f8ea9', 1, 2026, 230, '2026-01-22T15:42:26.243Z', 1769096546243);
    INSERT INTO public.payments (id, user_id, student_id, month, year, amount, paid_at, timestamp) VALUES ('e8b2f779-543e-4a90-9368-a122e429cc42', target_user_id, 'f0aafd7d-5218-4188-b2b2-216abac6bd75', 1, 2026, 200, '2026-01-22T15:42:40.603Z', 1769096560603);
    INSERT INTO public.payments (id, user_id, student_id, month, year, amount, paid_at, timestamp) VALUES ('f57a661f-711a-481c-9b10-8dab395f9479', target_user_id, 'ba1c8e9d-6cb4-4ea3-87ad-134ba693271b', 1, 2026, 240, '2026-01-20T15:04:46.132Z', 1768921486132);

    -- 8. Restaurar Configurações (UserSettings)
    INSERT INTO public.user_settings (id, user_id, current_km) VALUES ('settings', target_user_id, 250000) ON CONFLICT (id, user_id) DO UPDATE SET current_km = EXCLUDED.current_km;

    RAISE NOTICE 'Restauração concluída com sucesso!';
END $$;
